1,01-Oct-21,6:00 AM,2:00 PM
2,01-Oct-21,2:00 PM,10:00 PM
3,02-Oct-21,6:00 AM,2:00 PM
4,04-Oct-21,6:00 AM,2:00 PM
5,04-Oct-21,2:00 PM,10:00 PM
6,05-Oct-21,6:00 AM,2:00 PM
7,05-Oct-21,2:00 PM,10:00 PM
8,06-Oct-21,6:00 AM,2:00 PM
9,06-Oct-21,2:00 PM,10:00 PM
10,07-Oct-21,6:00 AM,2:00 PM
11,07-Oct-21,2:00 PM,10:00 PM
12,08-Oct-21,6:00 AM,2:00 PM
13,08-Oct-21,2:00 PM,10:00 PM
14,09-Oct-21,6:00 AM,2:00 PM
15,11-Oct-21,6:00 AM,2:00 PM
16,11-Oct-21,2:00 PM,10:00 PM
17,12-Oct-21,6:00 AM,2:00 PM
18,12-Oct-21,2:00 PM,10:00 PM
19,13-Oct-21,6:00 AM,2:00 PM
20,13-Oct-21,2:00 PM,10:00 PM
21,14-Oct-21,6:00 AM,2:00 PM
22,14-Oct-21,2:00 PM,10:00 PM
23,15-Oct-21,6:00 AM,2:00 PM
24,15-Oct-21,2:00 PM,10:00 PM
25,16-Oct-21,6:00 AM,2:00 PM
26,18-Oct-21,6:00 AM,2:00 PM
27,18-Oct-21,2:00 PM,10:00 PM
28,19-Oct-21,6:00 AM,2:00 PM
29,19-Oct-21,2:00 PM,10:00 PM
30,20-Oct-21,6:00 AM,2:00 PM
31,20-Oct-21,2:00 PM,10:00 PM
32,21-Oct-21,6:00 AM,2:00 PM
33,21-Oct-21,2:00 PM,10:00 PM
34,22-Oct-21,6:00 AM,2:00 PM
35,22-Oct-21,2:00 PM,10:00 PM
36,23-Oct-21,6:00 AM,2:00 PM
37,25-Oct-21,6:00 AM,2:00 PM
38,25-Oct-21,2:00 PM,10:00 PM
39,26-Oct-21,6:00 AM,2:00 PM
40,26-Oct-21,2:00 PM,10:00 PM
41,27-Oct-21,6:00 AM,2:00 PM
42,27-Oct-21,2:00 PM,10:00 PM
43,28-Oct-21,6:00 AM,2:00 PM
44,28-Oct-21,2:00 PM,10:00 PM
45,29-Oct-21,6:00 AM,2:00 PM
46,29-Oct-21,2:00 PM,10:00 PM
47,30-Oct-21,6:00 AM,2:00 PM
