1,03-Jan-22,6:00 AM,2:00 PM
2,03-Jan-22,2:00 PM,10:00 PM
3,04-Jan-22,6:00 AM,2:00 PM
4,04-Jan-22,2:00 PM,10:00 PM
5,05-Jan-22,6:00 AM,2:00 PM
6,05-Jan-22,2:00 PM,10:00 PM
7,06-Jan-22,6:00 AM,2:00 PM
8,06-Jan-22,2:00 PM,10:00 PM
9,07-Jan-22,6:00 AM,2:00 PM
10,07-Jan-22,2:00 PM,10:00 PM
11,08-Jan-22,6:00 AM,2:00 PM
12,10-Jan-22,6:00 AM,2:00 PM
13,10-Jan-22,2:00 PM,10:00 PM
14,11-Jan-22,6:00 AM,2:00 PM
15,11-Jan-22,2:00 PM,10:00 PM
16,12-Jan-22,6:00 AM,2:00 PM
17,12-Jan-22,2:00 PM,10:00 PM
18,13-Jan-22,6:00 AM,2:00 PM
19,13-Jan-22,2:00 PM,10:00 PM
20,14-Jan-22,6:00 AM,2:00 PM
21,14-Jan-22,2:00 PM,10:00 PM
22,15-Jan-22,6:00 AM,2:00 PM
23,17-Jan-22,6:00 AM,2:00 PM
24,17-Jan-22,2:00 PM,10:00 PM
25,18-Jan-22,6:00 AM,2:00 PM
26,18-Jan-22,2:00 PM,10:00 PM
27,19-Jan-22,6:00 AM,2:00 PM
28,19-Jan-22,2:00 PM,10:00 PM
29,20-Jan-22,6:00 AM,2:00 PM
30,20-Jan-22,2:00 PM,10:00 PM
31,21-Jan-22,6:00 AM,2:00 PM
32,21-Jan-22,2:00 PM,10:00 PM
33,22-Jan-22,6:00 AM,2:00 PM
34,24-Jan-22,6:00 AM,2:00 PM
35,24-Jan-22,2:00 PM,10:00 PM
36,25-Jan-22,6:00 AM,2:00 PM
37,25-Jan-22,2:00 PM,10:00 PM
38,26-Jan-22,6:00 AM,2:00 PM
39,26-Jan-22,2:00 PM,10:00 PM
40,27-Jan-22,6:00 AM,2:00 PM
41,27-Jan-22,2:00 PM,10:00 PM
42,28-Jan-22,6:00 AM,2:00 PM
43,28-Jan-22,2:00 PM,10:00 PM
44,29-Jan-22,6:00 AM,2:00 PM
45,31-Jan-22,6:00 AM,2:00 PM
46,31-Jan-22,2:00 PM,10:00 PM
1,03-Jan-22,6:00 AM,2:00 PM
2,03-Jan-22,2:00 PM,10:00 PM
3,04-Jan-22,6:00 AM,2:00 PM
4,04-Jan-22,2:00 PM,10:00 PM
5,05-Jan-22,6:00 AM,2:00 PM
6,05-Jan-22,2:00 PM,10:00 PM
7,06-Jan-22,6:00 AM,2:00 PM
8,06-Jan-22,2:00 PM,10:00 PM
9,07-Jan-22,6:00 AM,2:00 PM
10,07-Jan-22,2:00 PM,10:00 PM
11,08-Jan-22,6:00 AM,2:00 PM
12,10-Jan-22,6:00 AM,2:00 PM
13,10-Jan-22,2:00 PM,10:00 PM
14,11-Jan-22,6:00 AM,2:00 PM
15,11-Jan-22,2:00 PM,10:00 PM
16,12-Jan-22,6:00 AM,2:00 PM
17,12-Jan-22,2:00 PM,10:00 PM
18,13-Jan-22,6:00 AM,2:00 PM
19,13-Jan-22,2:00 PM,10:00 PM
20,14-Jan-22,6:00 AM,2:00 PM
21,14-Jan-22,2:00 PM,10:00 PM
22,15-Jan-22,6:00 AM,2:00 PM
23,17-Jan-22,6:00 AM,2:00 PM
24,17-Jan-22,2:00 PM,10:00 PM
25,18-Jan-22,6:00 AM,2:00 PM
26,18-Jan-22,2:00 PM,10:00 PM
27,19-Jan-22,6:00 AM,2:00 PM
28,19-Jan-22,2:00 PM,10:00 PM
29,20-Jan-22,6:00 AM,2:00 PM
30,20-Jan-22,2:00 PM,10:00 PM
31,21-Jan-22,6:00 AM,2:00 PM
32,21-Jan-22,2:00 PM,10:00 PM
33,22-Jan-22,6:00 AM,2:00 PM
34,24-Jan-22,6:00 AM,2:00 PM
35,24-Jan-22,2:00 PM,10:00 PM
36,25-Jan-22,6:00 AM,2:00 PM
37,25-Jan-22,2:00 PM,10:00 PM
38,26-Jan-22,6:00 AM,2:00 PM
39,26-Jan-22,2:00 PM,10:00 PM
40,27-Jan-22,6:00 AM,2:00 PM
41,27-Jan-22,2:00 PM,10:00 PM
42,28-Jan-22,6:00 AM,2:00 PM
43,28-Jan-22,2:00 PM,10:00 PM
44,29-Jan-22,6:00 AM,2:00 PM
45,31-Jan-22,6:00 AM,2:00 PM
46,31-Jan-22,2:00 PM,10:00 PM
