1,01-Dec-21,6:00 AM,2:00 PM
2,01-Dec-21,2:00 PM,10:00 PM
3,02-Dec-21,6:00 AM,2:00 PM
4,02-Dec-21,2:00 PM,10:00 PM
5,03-Dec-21,6:00 AM,2:00 PM
6,03-Dec-21,2:00 PM,10:00 PM
7,04-Dec-21,6:00 AM,2:00 PM
8,06-Dec-21,6:00 AM,2:00 PM
9,06-Dec-21,2:00 PM,10:00 PM
10,07-Dec-21,6:00 AM,2:00 PM
11,07-Dec-21,2:00 PM,10:00 PM
12,08-Dec-21,6:00 AM,2:00 PM
13,08-Dec-21,2:00 PM,10:00 PM
14,09-Dec-21,6:00 AM,2:00 PM
15,09-Dec-21,2:00 PM,10:00 PM
16,10-Dec-21,6:00 AM,2:00 PM
17,10-Dec-21,2:00 PM,10:00 PM
18,11-Dec-21,6:00 AM,2:00 PM
19,13-Dec-21,6:00 AM,2:00 PM
20,13-Dec-21,2:00 PM,10:00 PM
21,14-Dec-21,6:00 AM,2:00 PM
22,14-Dec-21,2:00 PM,10:00 PM
23,15-Dec-21,6:00 AM,2:00 PM
24,15-Dec-21,2:00 PM,10:00 PM
25,16-Dec-21,6:00 AM,2:00 PM
26,16-Dec-21,2:00 PM,10:00 PM
27,17-Dec-21,6:00 AM,2:00 PM
28,17-Dec-21,2:00 PM,10:00 PM
29,18-Dec-21,6:00 AM,2:00 PM
30,20-Dec-21,6:00 AM,2:00 PM
31,20-Dec-21,2:00 PM,10:00 PM
32,21-Dec-21,6:00 AM,2:00 PM
33,21-Dec-21,2:00 PM,10:00 PM
34,22-Dec-21,6:00 AM,2:00 PM
35,22-Dec-21,2:00 PM,10:00 PM
36,23-Dec-21,6:00 AM,2:00 PM
37,23-Dec-21,2:00 PM,10:00 PM
38,24-Dec-21,6:00 AM,2:00 PM
39,24-Dec-21,2:00 PM,10:00 PM
40,27-Dec-21,6:00 AM,2:00 PM
41,27-Dec-21,2:00 PM,10:00 PM
42,28-Dec-21,6:00 AM,2:00 PM
43,28-Dec-21,2:00 PM,10:00 PM
44,29-Dec-21,6:00 AM,2:00 PM
45,29-Dec-21,2:00 PM,10:00 PM
46,30-Dec-21,6:00 AM,2:00 PM
47,30-Dec-21,2:00 PM,10:00 PM
48,31-Dec-21,6:00 AM,2:00 PM
49,31-Dec-21,2:00 PM,10:00 PM
